tweetId,twitterUserId,content,favoriteCount,createdTime
1253396040213987329,90446356,"RT @FeatCustomers: Congratulations, @etqsoftware has been recognized as 'Best In Category' in Spring 2020 Quality Management Software Custo…",0,2020-04-23 18:51:17
1250886805999804429,90446356,RT @SalesTechStar: @etqsoftware State Of Quality Management Study Finds Quality Shifting From Operational Compliance To Strategic Business…,0,2020-04-16 20:40:29
1250126049800790016,90446356,"RT @AbbottNews: UPDATE: We continue to expand access to our COVID-19 tests by ramping up production and shipping.

Our ID NOW tests: As of…",0,2020-04-14 18:17:31
1250125888785612804,90446356,RT @lumileds: Great work! This simple (and fun) #LED project for parents and kids brings drawings to 👇 #crafts,0,2020-04-14 18:16:52
1250042422828118016,90446356,"Webinar: Join ETQ Tues., 4/14, 11:00 a.m. PT for ""The Rise of Quality as a Strategic Initiative: 2020 Survey Results and Analysis."" Based on input from senior execs &amp; quality pros, you'll learn about quality as a key business driver &amp; the ROI of quality. 
https://t.co/UCuqYWXtLL",0,2020-04-14 12:45:12
1249691458032058368,90446356,"Webinar: Join ETQ Tues., 4/14, 11:00 a.m. PT for ""The Rise of Quality as a Strategic Initiative: 2020 Survey Results and Analysis."" Based on input from senior execs &amp; quality pros, you'll learn about quality as a key business driver &amp; the ROI of quality. 
https://t.co/UCuqYWXtLL",0,2020-04-13 13:30:36
1248619376720265216,90446356,"Webinar: Join ETQ Tues., 4/14, 11:00 a.m. PT for ""The Rise of Quality as a Strategic Initiative: 2020 Survey Results and Analysis."" Based on input from senior execs &amp; quality pros, you'll learn about quality as a key business driver &amp; the ROI of quality. 
https://t.co/UCuqYWFSnb",0,2020-04-10 14:30:32
1248312257722925062,90446356,"Webinar: Join ETQ Tues., 4/14, 11:00 a.m. PT for ""The Rise of Quality as a Strategic Initiative: 2020 Survey Results and Analysis."" Based on input from senior execs &amp; quality pros, you'll learn about quality as a key business driver &amp; the ROI of quality. 
https://t.co/UCuqYWXtLL",0,2020-04-09 18:10:09
1248266951807426560,90446356,RT @BillAulet: Great to see @WSJ getting the word out about what universities are doing to battle COVID19 with hackathons https://t.co/lvbx…,0,2020-04-09 15:10:07
1247525163064647680,90446356,"Webinar: Join ETQ Tues., 4/14, 11:00 a.m. PT for ""The Rise of Quality as a Strategic Initiative: 2020 Survey Results and Analysis."" Based on input from senior execs &amp; quality pros, you'll learn about quality as a key business driver &amp; the ROI of quality. 
https://t.co/UCuqYWFSnb",0,2020-04-07 14:02:31
1242872551535247360,90446356,"In a time of disruption, staff displacement and remote work requirements, ETQ's Nick Metrakos offers ideas and tips on conducting quality and safety audits virtually. https://t.co/9NL51Kj7nW",1,2020-03-25 17:54:42
1237358851021852672,90446356,"Register for our webinar today at 2 p.m. to hear ETQ’s Nick Metrakos’ real-world insights on #qualitymanagement best practices &amp; how to reduce audit findings. Nick, a former ETQ customer, will present a 360-degree view! Learn more:  https://t.co/Me4UFNqOnC https://t.co/1ZFHlCwuwD",0,2020-03-10 12:45:13
1235421984223309825,90446356,RT @AcumenAnalytics: Thank you @etqsoftware for another #quality conference! We're proud to be partners &amp; look forward to what's ahead. #ET…,0,2020-03-05 04:28:48
1235215179660566528,90446356,"Morgan Palmer, ETQ CTO, runs down the UX design philosophy at ETQ. #qualiyvision2020 #quality #qms #ehs https://t.co/QiroQfO5Jd",2,2020-03-04 14:47:02
1235207493996949504,90446356,"RT @DAulerioMichele: Spotted at the ETQ Conference, Acumen Analytics, CEO @kbrunner1 excited to tell you about ETQ Insights - a revolutiona…",0,2020-03-04 14:16:30
1234869932887879688,90446356,The man most of the folks want to hear from! ETQ CTO Morgan Palmer lights up the crowd -- once again -- at Quality Vision 2020. #qualityvision2020 #qms #ehs #quality #safety https://t.co/Fdpjxji5cX,5,2020-03-03 15:55:09
1234868890720784387,90446356,RT @m_littlefield: Morning keynotes are solid start for @etqsoftware Vision 2020. CEO @robgremley priorities and investments: 1) Product -…,0,2020-03-03 15:51:00
1234846909543702538,90446356,ETQ CEO Rob Gremley talks about the customer experience and quality at ETQ Quality Vision 2020 annual customer conference #qualityvision2020 https://t.co/e7RVTEtkYV,2,2020-03-03 14:23:40
1234844107761164288,90446356,RT @HikerNbiker: @joshlinkner @etqsoftware Great experience today #etq #Miami https://t.co/qJz5f1uGOR,0,2020-03-03 14:12:32
1234843999883735040,90446356,RT @kljeanND: ⁦@joshlinkner⁩ - enjoyed the stories and motivation! ⁦@etqsoftware⁩ #CreativeInnovator https://t.co/ILHKC4wY6p,0,2020-03-03 14:12:06
1234843043901169664,90446356,"Fantastic keynote on innovation, creativity and quality from ⁦@joshlinkner⁩ at ETQ Quality Vision 2020 #qualityvision2020. Thanks, Josh! https://t.co/RkBFBWrJh4",7,2020-03-03 14:08:18
1234828411945791488,90446356,"RT @AcumenAnalytics: ETQ Quality Vision Conference 2020
Thanks @etqsoftware for a warm welcome &amp; cool poolside reception. 
#QualityCreates…",0,2020-03-03 13:10:10
1234828348276269060,90446356,RT @slowrunner80: @joshlinkner @etqsoftware They are in for a treat! Amazing speaker.,0,2020-03-03 13:09:54
1234828237458550784,90446356,Honored to have you on Miami! https://t.co/AE7Tge5Y14,2,2020-03-03 13:09:28
1233021589312147457,90446356,Join us today at 1 PM ET as ETQ’s Nick Metrakos &amp; David Isaacson discuss supplier qualification &amp; removing risk in the supply chain through supplier audits. https://t.co/6JIKMAf6fZ https://t.co/PtZZsWNjZQ,2,2020-02-27 13:30:29
1232761856068071425,90446356,Join us today at 1 PM ET as ETQ’s Nick Metrakos &amp; David Isaacson discuss supplier qualification &amp; removing risk in the supply chain through supplier audits. https://t.co/6JIKMAf6fZ https://t.co/kGkGYYRo5L,1,2020-02-26 20:18:24
1232749019916427264,90446356,https://t.co/JkiwnAMREY,1,2020-02-26 19:27:24
1253725387978309634,1086037534176473088,"A fungus is killing Hawaii's most important tree, and conservationists and citizens alike have come together to collect seeds to save the ‘ōhi‘a species. #dataviz #EarthDay 

@daisychungart:
https://t.co/fJCillTeQb",2,2020-04-24 16:40:00
1253719963006832640,1086037534176473088,"What is the role of #dataviz in the movement to stop the climate crisis? @byMadisonHall interviewed members of the @sunrisemvmt data and design teams about how they use #datavisualization to push for just climate policies. #EarthDay

https://t.co/wZcNjun7xI",4,2020-04-24 16:18:26
1253700082722959360,1086037534176473088,"RT @SarahNRodriquez: You made it to another Friday!! I have some exciting options for you next week:

1. The illustrious return of @DataDum…",0,2020-04-24 14:59:26
1253558424484208640,1086037534176473088,RT @CPPRMedia: Seen a lot of maps lately? COVID-19 has perhaps become the most widely visualized crisis in the history of infographics. CPP…,0,2020-04-24 05:36:33
1253365768328220678,1086037534176473088,"Ed Hawkins’s classic ""Warming Stripes"" visualization is reminiscent of an abstract painting style that emerged in the ’50s and ’60s in which color and simplicity is everything. #EarthDay #Dataviz @AllisonCMeier:

https://t.co/kaVnnIlCkP",3,2020-04-23 16:51:00
1253360281092345857,1086037534176473088,"""Celebrating #EarthDay doesn’t have to be divorced from taking into account the pressing global issues we’re facing today. In fact, they are uniquely intertwined. And information design can make a difference in both cases.""

@ripley_cleghorn: https://t.co/zqppf5Qrqr",2,2020-04-23 16:29:11
1253352831496617984,1086037534176473088,"RT @DataRemixed: It's been hard not to engage in ""#Dataviz Rubbernecking"" these past few months. I've been collecting #COVID19 line charts…",0,2020-04-23 15:59:35
1253132794126929921,1086037534176473088,RT @xmacex: Gosh the @DataVizSociety Nightingale magazine is a treasure trove that just keeps on giving. I have a weekly recurring todo ite…,0,2020-04-23 01:25:14
1253132666204897280,1086037534176473088,RT @kennethfield: Really enjoyable @DataVizSociety discussion on thematic mapping w/ @mzdraper and @Elijah_Meeks just now. Moderator @Alber…,0,2020-04-23 01:24:44
1253132611657977856,1086037534176473088,"@JulienAssouline @kennethfield @mzdraper @Elijah_Meeks @AlbertoCairo @domlet Yes and we’ll be posting it to our YouTube channel tomorrow:
https://t.co/bDIwGVeoQL",4,2020-04-23 01:24:31
1253132322028699648,1086037534176473088,"@adamdsteer @AlbertoCairo @mzdraper @kennethfield @Elijah_Meeks Yes! It will be posted on our YouTube channel tomorrow:
https://t.co/bDIwGVeoQL",9,2020-04-23 01:23:22
1253132005090316288,1086037534176473088,"@MatchewB @AlbertoCairo @mzdraper @kennethfield @Elijah_Meeks It was and will be on our YouTube channel probably tomorrow:
https://t.co/bDIwGVeoQL",2,2020-04-23 01:22:06
1252990547666575360,1086037534176473088,"Celebrate #EarthDay with six iconic environmental data visualizations, including climate spirals, hockey sticks, and … squirrels? #dataviz #EarthDay2020 

@jazzmyth: https://t.co/w8eAa7aZKl",16,2020-04-22 16:00:00
1252982996879028230,1086037534176473088,".@fedfragapane writes about the process of designing data visualizations for children in her book 'Planet Earth: Infographics for Discovering Our World.’ #Datavisualization #EarthDay #EarthDay50 

https://t.co/IzLdDVN3dm",14,2020-04-22 15:30:00
1252981591791419392,1086037534176473088,"A reminder that today at 1PM PDT we are hosting a great conversation about making maps, hosted by @AlbertoCairo and featuring @mzdraper, @kennethfield &amp; @Elijah_Meeks. Join us for this live panel, the latest in our fireside chat series!
https://t.co/GzlTZnP3mw",25,2020-04-22 15:24:25
1252980225190752262,1086037534176473088,Keep up with all of the articles for #NightingaleEarthWeek here https://t.co/7cxcjoiUA4,1,2020-04-22 15:18:59
1252979221502124035,1086037534176473088,"On #EarthDay, it’s a good time to revisit the iconic photograph from 30 years ago and the man who made it famous. Happy ""Pale Blue Dot"" day! @irlington: 

https://t.co/5alExrdNbe",2,2020-04-22 15:15:00
1252970557156536320,1086037534176473088,Happy #EarthDay ! What is your favorite environmental or earth-related #DataVisualization?,5,2020-04-22 14:40:34
1252657350306983937,1086037534176473088,"What’s the story of energy production in the U.S.? Well, that depends on where you are. #NightingaleEarthWeek @ClaireESantoro:

https://t.co/CvDaLHo5n8",4,2020-04-21 17:56:00
1252652290361753604,1086037534176473088,"Physical data helps us come to terms with the interlocking environmental crises we face. Can it make us more likely to do something about them? @MiriamQuick: 

https://t.co/qc6VfOQEdi",13,2020-04-21 17:35:53
1252238842708590597,1086037534176473088,"In a special Earth Week installment of “Re-Viz-ited,” @rachaeldottle tries to turn this Axios volcano #datavisualization from dormant to active:

https://t.co/m7b7govGcm",9,2020-04-20 14:13:00
1252231200028180481,1086037534176473088,"Welcome to Earth Week! To start us off, @duncangeere wrote about planetary boundaries, essentially a dashboard for the health of the entire planet. On the influential graphic’s history and how it might help us chart a sustainable way forward:

https://t.co/NJ2sJJzZCE",21,2020-04-20 13:42:38
1251368893752373249,1086037534176473088,"What makes a great map? What makes a bad map? Join @mzdraper, @AlbertoCairo, @kennethfield and @Elijah_Meeks next Wednesday for a discussion about good maps, tips for designing them and cautionary tales about when maps go bad.
https://t.co/GzlTZnP3mw",162,2020-04-18 04:36:08
1251367417755758595,1086037534176473088,RT @tableau: If Data Could Talk: Covid-19 Edition https://t.co/evyRn10UDh,0,2020-04-18 04:30:16
1251277362487898113,1086037534176473088,"RT @kennethfield: ""Maps: what's left to talk about"" in which @Elijah_Meeks and I will scrape each other's eyeballs out while @mzdraper and…",0,2020-04-17 22:32:25
1251236324209651712,1086037534176473088,"RT @ODILeeds: This almost 'iconic' piece of #DataViz from John Burn-Murdoch at @FT is perhaps the most shared, most viewed, and most refere…",0,2020-04-17 19:49:21
1250825734400008192,1086037534176473088,"Did you know we have a Youtube channel that’s full of helpful videos for dataviz creators? Of course you did. But do your friends know? Does your mom know?
https://t.co/ZERxvqFOmJ",62,2020-04-16 16:37:48
1250810521118363649,1086037534176473088,"RT @triciaaung: Since Tuesday's @DataVizSociety chat, @JHUSystems @JHSPH_CHS @JenniferNuzzo @civicimpact_jhu have launched US county dashbo…",0,2020-04-16 15:37:21
1250803750022848516,1086037534176473088,"Got the blues? Now your #dataviz can too. Here's how to achieve a harmonious blue color gradient in your #datavisualization using @Adobe Color and Viz Palette, by @tmrhyne: 

https://t.co/ckbgNz29lG",7,2020-04-16 15:10:27
1250644669106544640,1086037534176473088,"RT @abmakulec: Watch the second @DataVizSociety Fireside Chat on visualizing health data responsibly with @pictalhealth, @Harry_Stevens, @t…",0,2020-04-16 04:38:19
1250581708220428288,1086037534176473088,"We’re seeing so much health viz that we felt we should have a discussion on when to do it, how to do it well and what to watch out for. If you missed the live version, here it is!
#Datavisualization #datavisualisation
https://t.co/8a3d9AH0BL",36,2020-04-16 00:28:08
1250428344434225155,1086037534176473088,"Park mobility data from @Google's recently released mobility reports reflects the strategies different governments have taken for limiting the spread of COVID-19. @ektaaa11 explains: 

https://t.co/ErQANZ2rIZ",5,2020-04-15 14:18:43
1250120861777948672,1086037534176473088,RT @Dr_Galsworthy: The @FT log scale chart comparing #coronavirus outbreaks across countries is one of the clearest examples of using data…,0,2020-04-14 17:56:54
1250104549840498688,1086037534176473088,"“This is the biggest story as a data journalist that I’ve ever encountered.” @jburnmurdoch of the @FinancialTimes discussed the creation of his breakout log scale charts, how they have evolved, and what it's been like to cover COVID-19. #dataviz

https://t.co/kfx4T4pemm",114,2020-04-14 16:52:05
1250084804143353856,1086037534176473088,RT @abmakulec: Join me in less than an hour at 11AM ET for our next @DataVizSociety fireside chat on visualizing health data - we'll talk a…,0,2020-04-14 15:33:37
1249733606370500609,1086037534176473088,"RT @abmakulec: ""All of our sourcing must be airtight. A visualisation is only as good as the data it is based on.""

When asked, I have poin…",0,2020-04-13 16:18:05
1249718485741010945,1086037534176473088,"What goes into a COVID-19 #DataVisualization? @triciaaung interviewed @GurmanBhatia and @SimonScarr of the @Reuters graphics team about their design process, the hardest decisions, and much more. 

https://t.co/G2GFSJEnHR",65,2020-04-13 15:18:00
1249712174861299712,1086037534176473088,".@irlington interviewed @nickgreergkcin of @themapisnot about the allure of old maps, the origins of Territory, the shortcomings of visual representation, and more. 

https://t.co/tU92KjeRHq",29,2020-04-13 14:52:55
1249458219916742657,1086037534176473088,RT @jazzmyth: Do any of y'all have favorite environmental or climate visualizations? I'm putting together a list for @DataVizSociety in hon…,0,2020-04-12 22:03:48
1248992013162131456,1086037534176473088,RT @duncangeere: Working on some single axis annotation concepts. Which is your favorite? https://t.co/ZUDzZosgxS,0,2020-04-11 15:11:15
1248634089956986883,1086037534176473088,"The next article in @Jasonforrestftw's Isotype series is on a collection of luxurious statistical charts produced by the Izostat Institute to celebrate Stalin’s first Five-Year Plan. The PDF is free online, so grab it and take a look! #Isotype #dataviz

https://t.co/hpDG13URrp",15,2020-04-10 15:29:00
1248633288631005184,1086037534176473088,"Curious about the nuances of visualizing health data? Don’t miss the opportunity to hear about the importance of visualizing public health data responsibly from our expert panel next Tuesday, April 14th at 11:00 AM EDT. Sign up for the fireside chat here: https://t.co/3yw5Z8ngNy",11,2020-04-10 15:25:49
1248629721061081088,1086037534176473088,"After a recent move, @lorenka set out to create a #dataviz of all the places she’s lived and the impact they’ve had on her identity. In the process, she learned valuable lessons about what makes a good icon and how to think about visual representation.

https://t.co/x3DPupcEBu",6,2020-04-10 15:11:38
1248394059778887684,1086037534176473088,RT @attilabatorfy: My ode to Hungarian statistician Lajos Illyefalvi in @DataVizSociety The Hungarian Statistician Behind Three Volumes of…,0,2020-04-09 23:35:12
1248287053852184577,1086037534176473088,"Revisiting the life and overlooked work of the Hungarian statistician behind three volumes of #dataviz masterpieces, Lajos Illyefalvi (1881–1944). 

@attilabatorfy: https://t.co/RGVMI9l2eY",82,2020-04-09 16:30:00
1248281321660612608,1086037534176473088,"Kevin Maher interviewed three #Datavisualization practitioners in China about the challenges they’ve faced creating visualizations in response to COVID-19 and their message for practitioners around the world who are also responding to this crisis: 

https://t.co/UVp4Wh2dQ9",11,2020-04-09 16:07:13
1247971640266207232,1086037534176473088,"RT @ektaaa11: I miss tennis so wrote about the longest rallies at US Open 2019 with some cool interactive plots for 
@DataVizSociety - chec…",0,2020-04-08 19:36:39
1247593483453464582,1086037534176473088,"Dashboards have played a critical role in informing the public during the COVID-19 pandemic. Can their success teach us anything about building dashboards for BI and analytics? #BusinessIntelligence #dataviz 

https://t.co/QlPtxcy7fS",9,2020-04-07 18:34:00
1247585649470967808,1086037534176473088,"How has album artwork and typography evolved over the last 40 years? Using #DataViz, @emmakumer explains: 

https://t.co/EfV1Erk3vB",24,2020-04-07 18:02:52
1247270495197642752,1086037534176473088,"Did you miss our first fireside chat on Color Theory with @alangwilson, @tmrhyne, @yuliakrolik and @AmyCesal? Or want to catch it again? Here it is! #color #colortheory #datavisualization
https://t.co/fj6c7ybABR",83,2020-04-06 21:10:33
1247268581999443968,1086037534176473088,RT @SMDreller: Had the very distinct pleasure of spreading the word about @DataVizSociety &amp; their excellent Nightingale journal during a me…,0,2020-04-06 21:02:57
1247160078651842561,1086037534176473088,"To mark @rstudio's 20th birthday, @W_R_Chase interviewed @hadleywickham, creator of ggplot and tidyr, about the last 20 years of R, its role in the #dataviz landscape, and what's in store for the next 20 years. 

https://t.co/2dn0LSqG4X",22,2020-04-06 13:51:48
1246576103151427584,1086037534176473088,@melliferocity @creeeeeeeeeeg @Data_viz_Penn We’ll have it up as soon as we edit it.,3,2020-04-04 23:11:17
1246473696996294657,1086037534176473088,"RT @Marc_DS5: A view of the 11,500+ new members of the Data Visualization Society over the last year and how each member scored themselves…",0,2020-04-04 16:24:22
1246129188735578112,1086037534176473088,"A few tips for how to get the most out of funnels in #DataViz and #BusinessIntelligence, by @73805_ (Jay): 

https://t.co/RAcCEhpK6q",10,2020-04-03 17:35:25
1246101093022494720,1086037534176473088,"RT @abmakulec: I'm loving the insights from the @DataVizSociety webinar on color theory right now, especially the emphasis on ""get it right…",0,2020-04-03 15:43:46
1245939423843246087,1086037534176473088,"RT @melliferocity: If you're missing our @Data_viz_Penn workshops, consider checking out this webinar on Color Theory at 10AM EST!

Will al…",0,2020-04-03 05:01:21
1245939295090696192,1086037534176473088,"RT @matplotlib: Learn how to do color, then customize away using our tutorials:
https://t.co/589tlBnUdZ",0,2020-04-03 05:00:51
1245939270365241344,1086037534176473088,"RT @indiedataviz: Do your colleagues blink rapidly and reach for metaphorical sunglasses when you present your data visualizations? If yes,…",0,2020-04-03 05:00:45
1245882381078151168,1086037534176473088,"@tshaikh1992 @tmrhyne @alangwilson @yuliakrolik @AmyCesal Yes we’ll record it and post it on our YouTube channel!
https://t.co/ZERxvqFOmJ",37,2020-04-03 01:14:41
1245882189817901059,1086037534176473088,RT @abmakulec: Can't wait for our first fireside chat tomorrow! Big thanks to @ExcellaCo for helping with webinar technology.,0,2020-04-03 01:13:56
1245871565134155776,1086037534176473088,"Color is Hard. But it doesn’t have to be! Join us tomorrow at 10AM EST for our first Fireside Chat. The topic is using color theory for data visualization and our panel will be @tmrhyne, @alangwilson and @yuliakrolik hosted by @AmyCesal.
https://t.co/YKPJm8XWmY https://t.co/fi2bUHkhPE",200,2020-04-03 00:31:42
1245750812564836354,1086037534176473088,"More details about our fireside chat series for all your socially distanced data visualization design needs!
https://t.co/OEPY10Lsmj",2,2020-04-02 16:31:53
1245750511589941249,1086037534176473088,"Our first fireside chat featuring Theresa, @alangwilson and @yuliakrolik will be held tomorrow at 10AM EST:
https://t.co/YKPJm8XWmY",9,2020-04-02 16:30:41
1245749163796631554,1086037534176473088,"Using color theory and the Albers App, you can achieve harmony in your #DataVisualization. 

For more about how to use color in #dataviz design, join author @tmrhyne in DVS's first Fireside Chat tomorrow (details below).

https://t.co/LV6evya75g",16,2020-04-02 16:25:20
1245375367596163072,1086037534176473088,"The Great Emoji Movie Challenge by @Jasonforrestftw 

• Got us thinking about visual representation and how we communicate with signs
• Is a fun puzzle to entertain yourself during quarantine!

See how many you can get! #dataviz

https://t.co/coi011l52k",6,2020-04-01 15:40:00
1245366007927013377,1086037534176473088,"Data scientists often need to put themselves in their audience’s shoes in order to bridge the gap between creator and viewer and get the most out of their #DataVisualization 

https://t.co/icXIobJWti",20,2020-04-01 15:02:48
1245055762931552262,1086037534176473088,"As we do all we can to flatten the curve, it's worth grappling with the reality that the curve won't be as smooth as the popular graphic may have implied. @abmakulec on the unpredictable shape of COVID-19: 

https://t.co/lvEEdRIfd0",20,2020-03-31 18:30:00
1245014046576959493,1086037534176473088,"In a comprehensive and thorough deep dive, @janezhgw explores how freelancers can earn a living in #DataVisualization, including interviews with four designers about how they got their starts and have built their careers: 

https://t.co/Thkvn3JW4I",65,2020-03-31 15:44:14
1244641532457746439,1086037534176473088,"Everything you need to know about the scatterplot, including where it came from, when to use it, and how to create one. #DataVisualization 

https://t.co/ZZmw4iTw42",40,2020-03-30 15:04:00
1244633728007241730,1086037534176473088,"“Flatten the Curve” has become one of the most-viewed visualizations of all time. Our challenge now is to figure out how this graphic translates to real life, which means recognizing its uncertainty. @abmakulec:

https://t.co/lvEEdRIfd0",30,2020-03-30 14:32:59
1244482074083340291,1086037534176473088,"RT @Mayacelium: A YEAR ago I wanted to learn #d3js and @neo4j. I was overwhelmed, thought it IMPOSSIBLE, but kept with it.  With help from…",0,2020-03-30 04:30:22
1244481549556256768,1086037534176473088,RT @abmakulec: @davidbau Saw your note on the tool asking for D3 developers to work on the project - @DataVizSociety has a long list of dat…,0,2020-03-30 04:28:17
1244480839733264384,1086037534176473088,"RT @abmakulec: It's been 18 days since @DataVizSociety published this article, and it's still a great idea to collaborate with an epidemiol…",0,2020-03-30 04:25:28
1243972064819765249,1086037534176473088,"Ask yourself these 15 questions to help spot misleading or false information when it comes to COVID-19 stats

https://t.co/4Glx3Z1IlU",29,2020-03-28 18:43:46
1243588642263662593,1086037534176473088,"Great visualizations are the result of clear strategic thinking, not the other way around. @dan_gastineau on the inextricable relationship between #dataviz and strategy:

https://t.co/O5yXnwRDjw",29,2020-03-27 17:20:11
1243379280458940416,1086037534176473088,Some exciting news for our early-career DVS members! @defilippovale will also be joining us for the Q&amp;A session tomorrow. Don't forget to join us on 27th March at 3.00 PM EST.,3,2020-03-27 03:28:15
1243187702721323008,1086037534176473088,"Here are 15 questions from @stats_ninja to help you judge fact from fiction and close the door on misinformation. #SniffTest #DataVisualization #VizResponsibly

https://t.co/4Glx3Z1IlU",15,2020-03-26 14:47:00
1243178891612688384,1086037534176473088,"Staying home is the safest and most helpful thing you can do to limit the spread of COVID-19. Here are Nightingale's recommendations for books, TV shows, podcasts, and more to enjoy during social distancing. #StayHome #DataVisualization 

https://t.co/dubb39pwQq",52,2020-03-26 14:11:59
1242938524699066368,1086037534176473088,"If you're an early career DVS member, stop by the connect-early-career channel on the slack and join us for a live Q&amp;A on 27th March at 3.00 PM EST with @beepybop  and Dino Citaro with tips on how to navigate your early career dataviz issues!",12,2020-03-25 22:16:51
1242833274118049793,1086037534176473088,"Circles are a foundational shape in #DataViz, but drawing them requires some basic mathematical knowledge. @marianaariton has your guide, including how to apply this math in @tableau and @d3js_org. #Tableau #D3js #Datavisualization

https://t.co/6tjxvoVQTW",11,2020-03-25 15:18:37
1242828432515317760,1086037534176473088,RT @VanessaMohli: @DataVizSociety demande aux data analyst de respecter une éthique face à la diffusion de #dataviz en lien avec le #covid1…,0,2020-03-25 14:59:23
1242584423662419968,1086037534176473088,RT @mssanjanam: If you have spare time and want to improve public messaging and help researchers by advising or supporting the creation of…,0,2020-03-24 22:49:47
1242470979982540800,1086037534176473088,"This 20-year-old book is full of insights about UX, design, and visualizing layered data that still hold true today. #DataVisualization #uxdesign 

https://t.co/wbHCYdMrKl",52,2020-03-24 15:19:00
1242463013392785409,1086037534176473088,"If you’ve wanted to learn #dataviz but aren’t sure how to start, @Evelina_Jud wrote about going from simple charts in Excel to leading workshops at her workplace. On the books she read, tools she used, and tips she has for people who want to do the same: 

https://t.co/MA63bgocOa",98,2020-03-24 14:47:20
1242164208386674690,1086037534176473088,"Looking for a way to visualize the COVID-19 pandemic that isn't looking at case loads? Here are 13 other ideas:   

https://t.co/u97SJn2yFS",50,2020-03-23 19:00:00
1242116644987645953,1086037534176473088,".@datavisFriendly and the Raiders of the Lost Tombs went searching for the burial sites of four unheralded #dataviz heroes. Their journeys shined greater light onto the personal histories and pioneering work of these practitioners.

https://t.co/Pw4lRsKumQ",2,2020-03-23 15:51:00
1242108957918928896,1086037534176473088,"Word clouds were big nine or 10 years ago, but now they mostly send a shiver down @alanapirrone's spine. When is the right time to use one? #Datavisualization 

https://t.co/s75OnTvS1t",10,2020-03-23 15:20:27
1241588280052731904,1086037534176473088,RT @SiouxsieW: I explain what level 2 of NZ's #Covid_19 Alert System is in my latest @TheSpinoffTV piece. In her briefing @jacindaardern li…,0,2020-03-22 04:51:28
1241055917925269504,1086037534176473088,"We already have over 300 dataviz and data engineering volunteers but we need more public health professionals and orgs to match them with so if you are or know someone or a group who could benefit from this collaboration please share.
https://t.co/etw9LA4Qjv",37,2020-03-20 17:36:03
1241038541079134211,1086037534176473088,"Did you know you can build an interactive #Dashboard in just a few hours using fewer than 50 lines of code? #DataVisualization @streamlit 

https://t.co/upS4GSW0aB",37,2020-03-20 16:27:00
1241029996501753859,1086037534176473088,"There is much to #viz about COVID-19 besides case loads. Based on discussions in the DVS Slack, @datazins compiled 13 ideas for using #datavisualization to help understand the impact of the pandemic and the strange times we're living in: 

https://t.co/u97SJn2yFS",68,2020-03-20 15:53:03
1240854816315695104,1086037534176473088,RT @abmakulec: @tedwheeler @KimFLeonard @TheOregonCF If there are non-profits in your network who would be interested in some volunteer dat…,0,2020-03-20 04:16:56
1240796946924597248,1086037534176473088,"If you’re a dataviz designer or data engineer and want to be involved in creating data visualizations of the #COVID19 pandemic, or if you’re a public health practitioner or health organization, we have started a program to connect you with collaborators.
https://t.co/etw9LA4Qjv",168,2020-03-20 00:26:59
1240665080326283265,1086037534176473088,"Humans have a shared visual vernacular. Tapping into it can help brands and #dataviz practitioners connect with their audience and create visualizations that resonate.

https://t.co/ZxAD6cM9Pf",4,2020-03-19 15:43:00
1240657395577225216,1086037534176473088,"""Mimicking historic information graphics can teach you a lot. There are lessons in the experience that I do not know how to access otherwise."" @infowetrust on the Isotype style and his project ""Cross-Sections Through California."" 

https://t.co/FQkGe2d8Pw",18,2020-03-19 15:12:28
1240443951758200832,1086037534176473088,"RT @blisete: Call to action from @datavizsociety. Volunteers required for fireside chats, volunteer matchmaking and COVID-19 visualization…",0,2020-03-19 01:04:19
1240410689778442241,1086037534176473088,"Part 3 of @HawkinsPhil’s “So You Want to Pick a Data Viz Platform” series gets you started with #Tableau and considers its place in the #dataviz universe 

https://t.co/e3KEzMSdZe",11,2020-03-18 22:52:08
1240381107519938563,1086037534176473088,RT @MMazanec22: Blind people and also people who can't use the mouse to navigate!  Plz make your tooltips keyboard accessible y'all.  @Data…,0,2020-03-18 20:54:35
1239946596101394433,1086037534176473088,".@DataRevelations on how turning stakeholders into collaborators leads to better business visualizations, and going from a skeptic to a believer in the dashboard-by-committee approach: 

https://t.co/jDiEMtZ1xb",8,2020-03-17 16:08:00
1239940834272870408,1086037534176473088,"Mathematician John Tukey once said “There is no data that can be displayed in a pie chart that cannot be displayed BETTER in some other type of chart.” 

But there are certain instances when a pie chart makes sense. Here's how to get the most out of it: https://t.co/PK7dJT7uXl",33,2020-03-17 15:45:06
1239612181202665472,1086037534176473088,RT @Jasonforrestftw: An amazing story from my friend @abmakulec on the ethical challenges of Public Health decisions. Certainly provides a…,0,2020-03-16 17:59:09
1239563195284504576,1086037534176473088,RT @CraigTaylorViz: 1 part dark basemap design / 1 part visualising a year of @DataVizSociety members. I've dropped this project so many ti…,0,2020-03-16 14:44:30
1239561559212462091,1086037534176473088,"Building your #dataviz portfolio is a lot like building a house, and it all starts with having the right tool set. 

@W_R_Chase: https://t.co/lr4IACEJlV",61,2020-03-16 14:38:00
1239552356620124161,1086037534176473088,".@abmakulec wrote about three lessons learned from Dr. Bill Bicknell, including the consequences of public health decisions, rationing, and representing the people who are not at the table. 

https://t.co/tHjBeEjhjI",3,2020-03-16 14:01:26
1238937811421544448,1086037534176473088,"RT @CT_Bergstrom: ""Epidemic data isn’t a dataset to play with just to have something to show off on Twitter."" 

-@abmakulec in @DataVizSoci…",0,2020-03-14 21:19:27
1238925936151666692,1086037534176473088,"What ""flattening the curve"" can teach us about public health and #datavisualization: 

https://t.co/sxcO9DrsXr",50,2020-03-14 20:32:15
1238546058659147776,1086037534176473088,"For public health organizations, #DataVisualization is a MUST. ""In many cases, it is the most responsible and effective way to share information and educate people.""

@ErinLMcCoy: https://t.co/wYig3fDQ6u",36,2020-03-13 19:22:46
1238486626298290176,1086037534176473088,"RT @yuliakrolik: 😂 I think my 8-year old son is spending too much time around me when I work. 

🎨 Although intended as a colour palette for…",0,2020-03-13 15:26:36
1238464703900286976,1086037534176473088,"The concept of ""flattening the curve"" and the widely-shared graphs are expanding our understanding of #dataviz and public health. 

@datazins: https://t.co/sxcO9DrsXr",29,2020-03-13 13:59:29
1238263021266505729,1086037534176473088,"RT @EnriqueOnieva: Estas semanas se ven muchas visualizaciones de infectados, fallecidos y (afortunadamente) recuperados del coronavirus.
(…",0,2020-03-13 00:38:04
1238227255559520256,1086037534176473088,"RT @Jasonforrestftw: Since we're all so focused on infections, here's how Otto and Marie Neurath visualized it back in 1938: https://t.co/F…",0,2020-03-12 22:15:57
1238112510797942785,1086037534176473088,"The challenges—and solutions—to building an app to help reverse the course of ambivalence and uninformed voting in the U.K. #Brexit #DataVisualization #mapping 

https://t.co/QiBuWXUHAK",5,2020-03-12 14:40:00
1238106442634158080,1086037534176473088,RT @YvonFitz: Very excited the @DataVizSociety Instagram account that i curate went from 9164 followers to 11.1k last night. Thank you to a…,0,2020-03-12 14:15:53
1238104189420679168,1086037534176473088,"From railways to transit diagrams to today's apps, @pauldavidkahn's latest on global #InformationDesign covers the history of urban transportation. #DataVisualization #Mapping

https://t.co/CD0RcwytKN",5,2020-03-12 14:06:56
1237808759725940737,1086037534176473088,"""In the end, each Isotype chart is a collection of data abstractions telling a specific story."" @Jasonforrestftw's latest on Isotypes: 

https://t.co/fAh5AOB4Ol",16,2020-03-11 18:33:00
1237803279486275585,1086037534176473088,"#DataVisualization can help us make sense of and teach about the coronavirus, but the stakes are high. @abmakulec has 10 considerations to help you #VizResponsibly: 

https://t.co/OJLTs1tIvn",111,2020-03-11 18:11:13
1237758932828839937,1086037534176473088,"RT @abmakulec: The stakes are high around how we communicate about the #COVID19 epidemic to the wider public.  With @tableau, @JohnsHopkins…",0,2020-03-11 15:15:00
1237486401635020800,1086037534176473088,RT @DataVizSociety: Is the word “Dashboard” losing its value? #dataviz #DataVisualization,0,2020-03-10 21:12:04
1237486313730797568,1086037534176473088,Is the word “Dashboard” losing its value? #dataviz #DataVisualization,3,2020-03-10 21:11:43
1237427496972365824,1086037534176473088,"Is the word ""Dashboard"" losing its value? What *is* the value of the term, anyway? The DVS hosted a discussion on Slack about this very topic, and you can read more about it on Nightingale. #DataVisualization

https://t.co/1cTqIuwTFG",22,2020-03-10 17:18:00
1237418919213838337,1086037534176473088,"When Ryu Sakai looked back at a data viz project from 20 years ago, “Seeing the World as 1000 People,” he realized that the principles of design he experimented with then have been the foundation of his work in all the years since

https://t.co/lmZta9eFut",8,2020-03-10 16:43:55
1237402433984184320,1086037534176473088,Proud to see our amazing publication alongside these other great accomplishments. Hard to believe Nightingale is barely a year old. https://t.co/a5aUoGpLQ9,4,2020-03-10 15:38:24
1237086792525856768,1086037534176473088,RT @sweetspot: Last year's #Wimbledon final between Novak Djokovic and Roger Federer is one to be remembered. @ektaaa11 looked back at the…,0,2020-03-09 18:44:09
1237026908971380738,1086037534176473088,"Scientific discovery and artistic expression are, and have long been, inextricably linked and intertwined. @jreedscipoet examines the connections between Surrealism and quantum mechanics: 

https://t.co/qXI4nLxIHb",10,2020-03-09 14:46:12
1236673722016100353,1086037534176473088,"RT @nrchtct: Of course, there is more to #gender and #datavis than representing it. The @DataVizSociety's Nightingale has been featuring st…",0,2020-03-08 15:22:46
1236673693578756097,1086037534176473088,RT @theneilrichards: On #IWD2020 did you know there are eight inspirational women on the eleven strong @datavizsociety board? @AmyCesal @Mo…,0,2020-03-08 15:22:39
1236025653918494720,1086037534176473088,RT @ektaaa11: I analysed the Wimbledon final of 2019 between @rogerfederer and @DjokerNole for @DataVizSociety! Read it below if you fancy x,0,2020-03-06 20:27:34
1235956251521101828,1086037534176473088,"Last year's #Wimbledon final between Novak Djokovic and Roger Federer is one to be remembered. @ektaaa11 looked back at the epic match with a series of visualizations to understand what exactly happened. #dataviz 

https://t.co/kZpw2OBVVU",22,2020-03-06 15:51:47
1235601487918706689,1086037534176473088,"For your consideration: The slope chart. When visualizing data over time, this format cuts away the extra noise and displays data clearly and neatly.

 #DataViz #DataVisualizaion #Charts #GraphicsDesign

https://t.co/wYZCIdRCSa",28,2020-03-05 16:22:05
1235248641645805569,1086037534176473088,"The Undocumented Migration Project pop-up installation @HostileTerrain visualizes the humanitarian crisis on the U.S.'s southern border. @connect4mary wrote about how it came together and why it's such a powerful #datavisualization: 

https://t.co/nfEjsNifaE",33,2020-03-04 17:00:00
1235240878568026113,1086037534176473088,"Do volume measurements on baby bottles vary widely or was @abmakulec's mind playing tricks on her? To find out, she did what any #dataviz mother would do: a data experiment and visualizations. 

https://t.co/WcMy4mJk7A",9,2020-03-04 16:29:09
1235239474893815809,1086037534176473088,RT @fedfragapane: Very happy to be interviewed by @byMadisonHall for the @DataVizSociety's Nightingale! We talked about my approach to #dat…,0,2020-03-04 16:23:35
1234913538654769152,1086037534176473088,"""I always love to take inspiration from shapes and images from other worlds: photographs, shapes from nature or paintings or sculptures."" @byMadisonHall interviewed @fedfragapane about her inspiration, process, #dataviz in children's books, and more: 

https://t.co/DMWBm9QkKo",31,2020-03-03 18:48:25
1234554065654288384,1086037534176473088,"Maps + Cats = Two Good Things. 

@rachaeldottle's quest to visualize Great Britain's cat population offers a window into her mapmaking process and the challenge (and importance) of reproducibility in #DataViz.

https://t.co/sU4ljBWknR",20,2020-03-02 19:00:00
1234547542941032448,1086037534176473088,"RT @infowetrust: I make bar charts for a living during the week &amp; for fun on the weekends.

📊 Bar chart emoji are all innately offensive. H…",0,2020-03-02 18:34:05
1234528494496944134,1086037534176473088,"Nightingale, the journal of the DVS, is always open for submissions, and we'd love to hear from you. We publish articles related to #DataVisualization, including applications in design, history, sports, programming, and more. And we pay!

https://t.co/p2XmbxVUvf",26,2020-03-02 17:18:24
1234511962769412097,1086037534176473088,"Sports + #DataVisualization = Sports Viz Sunday. This month, the topic is #Formula1, and @sportschord has a primer on lap charts, time lapses, and visualizations about the sport's history:
 https://t.co/UVGhtbEO3S",14,2020-03-02 16:12:42
1234507923943854081,1086037534176473088,Have you been or hired a data visualization intern? We want to know about your experience for our ongoing discussion on early career development! Please respond here or DM us so we can collect as many examples as possible.,14,2020-03-02 15:56:39
1234180887140454401,1086037534176473088,RT @stephenmskinner: IPA Scatterplot courtesy of @StoneBrewing San Diego. Delicious IPA is my personal fave.  @DataVizSociety https://t.co/…,0,2020-03-01 18:17:08
1233853425118351360,1086037534176473088,RT @abmakulec: Visualizing a year with little one in pizza slices and a pizza box. This is one small multiples pie chart that makes me smil…,0,2020-02-29 20:35:55
1233818688240803840,1086037534176473088,"RT @SonjaKuijpers: I think my human relatability can only handle this much in either direction (smaller /bigger).
Wondering what others thi…",0,2020-02-29 18:17:53
1233623255384092673,1086037534176473088,"Nightingale has officially gone to the cats.
https://t.co/ahmLrte7Xs https://t.co/VIXcUsYNkb",14,2020-02-29 05:21:18
1233524719845965824,1086037534176473088,RT @abmakulec: What variety visually and in the topics covered in our Visualizing a Decade @DataVizSociety challenge! Check out the final s…,0,2020-02-28 22:49:45
1233419563972333568,1086037534176473088,"When her brother moved to Alaska, @mell0kat saw an opportunity for an analog data-viz project in encoding multivariate data. Check out her terrific #Datavisualization and learn more about her process:

 https://t.co/poTFP8qW22",24,2020-02-28 15:51:54
1233232181016686592,1086037534176473088,RT @ajstarks: At the ⁦@DataVizSociety⁩ meetup Nic Stark presents Fostering Relationships to Personal Data Through Zoomorphic Visualizations…,0,2020-02-28 03:27:18
1233176298043801600,1086037534176473088,"RT @TaroWorksApp: ""3 Ways the Data Visualization Society Helps You with DataViz Problems"" via @ICT_Works #ict4d  https://t.co/UuLtiG8HEr @D…",0,2020-02-27 23:45:15
1233176257279348736,1086037534176473088,"RT @Jasonforrestftw: TONIGHT!!!!! IN a few Hours even!!! It's the NYC location @DataVizSociety meet up! Come out a bit earlier, we have a F…",0,2020-02-27 23:45:05
1233088539471958017,1086037534176473088,"RT @MonaChalabi: For people who are interested in data visualisation, this one had a lot of drafts! First tried using semi transparent plas…",0,2020-02-27 17:56:32
1233069330633498626,1086037534176473088,"When you read @rachaeldottle's piece on mapping Great Britain’s cat population, it’s called ... taking a catmap.

Find out more about her mapmaking process and creating reproducible visualizations:

https://t.co/sU4ljBWknR",38,2020-02-27 16:40:12
1233047000259518465,1086037534176473088,RT @rachaeldottle: hi hey hi I wrote some words about the making of a map  about cats (!) for @DataVizSociety Nightingale. Shout out to @Ja…,0,2020-02-27 15:11:28
1233040853083381760,1086037534176473088,"RT @abmakulec: As @DataVizSociety continues to grow, I hope we can fill the membership map in under-represented countries. Today on @ICT_Wo…",0,2020-02-27 14:47:02
1232891976648802304,1086037534176473088,RT @janezhgw: I animated a dance #dataviz piece on IG as part of experimentation. It took me a while to learn Adobe Animate. I showed all t…,0,2020-02-27 04:55:27
1232891916460511234,1086037534176473088,RT @laurenfklein: DATA FEMINISM is one of @WIRED’s must-read books of Spring 2020!!! Read the review here: https://t.co/9O7y6gV3z5 cc @kana…,0,2020-02-27 04:55:13
1232868848245719040,1086037534176473088,"RT @profeta_g: Interesting research about #graphicdesign in #italy by #flavialunardi. #GraficaItalia #isiaurbino
https://t.co/jYLx0Oaf2y",0,2020-02-27 03:23:33
1232701748973797376,1086037534176473088,"The International System Of Typographic Picture Education (ISOTYPE) sought to create educational designs by bringing statistics alive through a visual language. @Jasonforrestftw on this pioneering #datavisualization institute: 

https://t.co/W88cQ33z7X",32,2020-02-26 16:19:34
1232494641573810176,1086037534176473088,RT @EmiliaRuzicka: I had the pleasure of interviewing @agarcia_me about his lightning talk last year. Check out our conversation here! http…,0,2020-02-26 02:36:35
1232330204657393666,1086037534176473088,"“With data visualization specifically, it’s only as sound as the data you’re building on top of."" @agarcia_me spoke with @EmiliaRuzicka about bias in code, his lightning talk at the 2019 @IRE_NICAR conference, and more: 

https://t.co/chMMkUTNrh",12,2020-02-25 15:43:11
1232324752825409536,1086037534176473088,"RT @theneilrichards: Come to the @DataVizSociety table at #datavizlive - plenty of swag, and contrary to appearances I won’t talk about Sco…",0,2020-02-25 15:21:31
1232174739432456192,1086037534176473088,"RT @_swarooppanda: How does one discretely classify Information Visualization, Data Visualization, Scientific Visualization, Visual Analyti…",0,2020-02-25 05:25:25
1232160581009850369,1086037534176473088,"Are you on Facebook? It only took us a year but now we're finally there!
https://t.co/3qXAwrgCfm",8,2020-02-25 04:29:09
1232081389173895168,1086037534176473088,RT @triciaaung: My annual @JohnsHopkinsIH GDEC #dataviz MSPH seminar is always a treat. New additions this year: highlighting @DataVizSocie…,0,2020-02-24 23:14:28
1232072501418573825,1086037534176473088,"Every month we’ll be hosting a live Q&amp;A with experienced dataviz practitioners answering questions from early career professionals. Here’s our first, focused on resumes and portfolios, featuring a panel of @DataToViz, @Jasonforrestftw &amp; @Elijah_Meeks.
https://t.co/uVoY5zy8tl",48,2020-02-24 22:39:09
1231983973729013761,1086037534176473088,"In the 1920s to 1940s, the Hungarian newspaper Nemzeti designed three innovative sports visualizations: the match graph, target table, and directional table. They share many common elements with sports #DataViz today. @attilabatorfy: 

https://t.co/Wu6140L0Ja",12,2020-02-24 16:47:23
1252992091560574986,17226612,@D84569572 Thank you for your message and for sharing your experience with us. We wish you the best.,0,2020-04-22 16:06:08
1252977115043172353,17226612,@Officialjunaid6 Please contact our local office in India by phone at +91 22 50243000 or click here: https://t.co/ZBtRbP4qi3,1,2020-04-22 15:06:38
1251168675085852672,17226612,@MarieRampin Please contact our local office in El Salvador by phone at +503 2555 6999 or click here: https://t.co/LAj8E7k6sP,0,2020-04-17 15:20:32
1250838257337851905,17226612,@rbaltikahn We saw your tweet. We advise you to consult your physician. For more info please visit: https://t.co/Nb55RjuNkX,0,2020-04-16 17:27:34
1250831768346939392,17226612,@Weeshnoo Please contact our local office in India by phone at +91 22 50243000 or click here: https://t.co/ZBtRbP4qi3,0,2020-04-16 17:01:47
1250831240812548096,17226612,@fiaheisenberg Please contact our local office in Guatemala by phone at +502 2422 8400 or click here: https://t.co/Vvc5T1Gm9U,1,2020-04-16 16:59:41
1250495659645587456,17226612,"@candidamgb We recommend you contact our local office in Brazil for this matter. They can be reached by phone at 0800 888 3003 from Monday – Friday, 8:30am - 05:00pm (GMT-3) or via email at sic.novartis@novartis.com. The local team will follow up with you directly once you contact them.",1,2020-04-15 18:46:13
1250495389532336128,17226612,@BRaiseyourvoice Please contact our local office in the UK by phone at +44 1276 692255 or click here: https://t.co/eTZyC2rwdW,1,2020-04-15 18:45:08
1250494926502203392,17226612,@Random_Muzings Please contact our local office in Canada by phone at +1 514-631-6775 or click here: https://t.co/XVjhnLlS7B,0,2020-04-15 18:43:18
1250100297214590983,17226612,@atishtwit Please contact our local office in India by phone at +91 22 50243000 or click here: https://t.co/Xz6ahjYrtx,0,2020-04-14 16:35:11
1249794102075559947,17226612,@d122fa61d88a453 Please contact our local office in Pakistan by phone at +92 21 3231 3386 or click here: https://t.co/cluLS1YQcF,0,2020-04-13 20:18:28
1249793641314496512,17226612,@d122fa61d88a453 Please contact our local office in Pakistan by phone at +92 21 3231 3386 or click here: https://t.co/3HpYi3vHTm,0,2020-04-13 20:16:38
1247900199411806210,17226612,@kahara_dennis Please contact our local office in Kenya by phone at +254 20 273 7771 or click here: https://t.co/r4cAITv3HI,1,2020-04-08 14:52:47
1247554576221339650,17226612,Learn more about the COVID-19 Response Fund and our response to the #coronavirus pandemic at https://t.co/WyhGtaiVpH 3/3,23,2020-04-07 15:59:24
1247554574778609665,17226612,"Over 50 projects have been approved to receive funding, including in Italy, Brazil, and sub-Saharan Africa. 2/3",34,2020-04-07 15:59:23
1247553917929639937,17226612,Our recently announced COVID-19 Response Fund is providing urgently needed support for healthcare workers and communities around the world. #COVID19 1/3,78,2020-04-07 15:56:47
1247523536131911682,17226612,"RT @Sandoz_Global: On #WorldHealthDay in the year of #NursesAndMidwives, we are truly thankful for the hard work of all healthcare professi…",0,2020-04-07 13:56:03
1247253151197081603,17226612,"@Bokime86 @Bokime86​, thanks for reaching out. Please reach your local office at +234 1 700 9911 for more specific information about Tegretol availability in Nigeria.",0,2020-04-06 20:01:38
1247251624885653505,17226612,@ratnakarvja Thanks for reaching out. We recommend you contact our local office in India by phone at +91 22 5024 3000 or click here: https://t.co/M9NQ9APGhY,0,2020-04-06 19:55:34
1247247967343595520,17226612,@GosaliHardianto Thanks for reaching out. We recommend you contact our local office in Indonesia by phone at +62 21 3048 0600 or click here: https://t.co/OUE5RQrKvp,0,2020-04-06 19:41:02
1247234189793116160,17226612,@dbisping Thanks for reaching out. We take product safety seriously and would like to know more about your circumstances. Please provide your contact info and social media username to usdrugsafety.operations@novartis.com so we can follow up.,0,2020-04-06 18:46:17
1247220308194492418,17226612,We are supporting ongoing hydroxychloroquine clinical trial efforts and plan to evaluate needs for additional clinical trials. https://t.co/RwO9Wdycce 3/3,28,2020-04-06 17:51:08
1247220306491604992,17226612,We have already donated our first consignment to the US Department of Health and Human Services and are responding to requests from governments around the world with additional donations planned to go out this week. https://t.co/qo8EvSjJit 2/3,37,2020-04-06 17:51:07
1247218726686113794,17226612,We have committed to donate up to 130 million doses of hydroxychloroquine globally to support the COVID-19 pandemic response – this is a donation. 1/3,301,2020-04-06 17:44:51
1245759932965715971,17226612,@PA02034161 Thanks for reaching out. Novartis is following the COVID-19 outbreak situation closely. Please reach your local office +54 11 4703-7000 for more specific information about Trileptal in Argentina.,0,2020-04-02 17:08:07
1245409909350502400,17226612,@AnnaChamz Thanks for reaching out. We are sorry to hear about your experience. Please provide your contact info and social media username to medinfo.uk@novartis.com so we can follow up.,0,2020-04-01 17:57:15
1245356861911715841,17226612,@spiderwwwweb Thanks for reaching out. Please contact our office in the UK at +44 1276 698370 or click here: https://t.co/u1Bx3N404B,1,2020-04-01 14:26:28
1245061908379639810,17226612,@HaltusJacques We saw your tweet. We take product safety seriously and want to know more. Please provide your contact info and social media username to phv.phfrru@novartis.com so we can follow up.,0,2020-03-31 18:54:25
1244729885370789888,17226612,"@cooten9009 @cooten9009​, thanks for reaching out. At this time, we are confident that our stock is sufficient to cover production/ distribution needs.. Please reach your local office +41 61 324 1111 for more specific information about the Swiss situation.",0,2020-03-30 20:55:05
1244729550321389572,17226612,"@DrBradBarnett @DrBradBarnett​, unfortunately, we are unable to provide medical advice. Please contact our Medical Info team +1-888-NOW-NOVA in the US.",0,2020-03-30 20:53:45
1244659696394477568,17226612,RT @VasNarasimhan: Our first shipments of #hydroxychloroquine are underway to @HHSGov to support clinical studies evaluating its effectiven…,0,2020-03-30 16:16:10
1243599859212574721,17226612,"@indieadah @indieadah, thanks for reaching out. Please reach your local office at +44 1276 698370 for more specific information about Estradot availability in the UK.",0,2020-03-27 18:04:46
1243569897097048068,17226612,@blackbird9z Thanks for reaching out. Please contact our US patient assistance program at 1-888-669-6682 so we can help.,0,2020-03-27 16:05:42
1243206436148203523,17226612,"@bhakes24 Hello @bhakes24​, we are closely monitoring the Coronavirus situation as our primary concern is the health and safety of our associates and patients globally. Check our latest statement here: https://t.co/VZrTeCLJ9m",0,2020-03-26 16:01:26
1243129870911184903,17226612,RT @NovartisNews: Novartis and a consortium of life sciences companies are committing expertise and assets to the fight against #COVID19 pa…,0,2020-03-26 10:57:12
1242480727708532736,17226612,@CBCAElite1 We saw your tweet. Excedrin is now a GSK Consumer Health product. Please contact GSK here: https://t.co/TDZjdGH2bX,1,2020-03-24 15:57:44
1242179555219181579,17226612,@electriclifes0 Please contact our local office in Singapore by phone at +65 6722 6010​ or click here: https://t.co/Xz6ahjYrtx,0,2020-03-23 20:00:59
1242178908365172738,17226612,@400thecat1 Thanks for reaching out. We recommend you contact our local office in Switzerland by phone at +41 61 324 11 11 or click here: https://t.co/4OZdsW5MAs,0,2020-03-23 19:58:24
1242176791088975877,17226612,@sanayelitza Thanks for reaching out. We recommend you contact our local office in Venezuela by phone at 0800 66827847 or click here: https://t.co/nhPq3ZsWgs,0,2020-03-23 19:50:00
1242176399202492416,17226612,"@vaguily Thanks for reaching out. At this time, we are confident that our stock is sufficient to cover production/ distribution needs. Please reach your local office for more specific information about your country's situation: https://t.co/Ttxw3pdyZZ",1,2020-03-23 19:48:26
1242175749114781697,17226612,"@alidaalida23 Unfortunately, we are unable to provide medical advice. Please contact our Medical Info team 1-888-NOW-NOVA in the US.",0,2020-03-23 19:45:51
1242175342460178432,17226612,"@Str8gal We saw your tweet. This is not a Novartis product, so we recommend referring to the label for further info.",1,2020-03-23 19:44:14
1242174892088471558,17226612,@DanaDane_91 Thanks for reaching out. Please contact our US patient assistance program at 1-888-669-6682 so we can help.,0,2020-03-23 19:42:27
1241112103659986950,17226612,"@MuckeyMD Hello @MuckeyMD​, we are closely monitoring the Coronavirus situation as our primary concern is the health and safety of our associates and patients globally. Check our latest statement here: https://t.co/VZrTeCLJ9m",0,2020-03-20 21:19:18
1241111689053065217,17226612,@sjmcQ Thanks for reaching out. You can find contact info for your local Novartis office here: https://t.co/Xz6ahjYrtx,0,2020-03-20 21:17:40
1241110924909588481,17226612,"@click2akash Hello @click2akash, we are closely monitoring the Coronavirus situation as our primary concern is the health and safety of our associates and patients globally. Check our latest statement here: https://t.co/VZrTeCLJ9m",0,2020-03-20 21:14:37
1241110612085747728,17226612,"@laurajimenez001 Unfortunately, we are unable to provide medical advice. Please contact our Medical Info team in your country: https://t.co/oaie0HzJEI.",0,2020-03-20 21:13:23
1241098701721997319,17226612,@rosaenrosado Thanks for reaching out. We understand your concern and would like to know more about your circumstances. Please provide your contact info and social media username to patientsafety.aunz@novartis.com so that we can follow up with you directly.,0,2020-03-20 20:26:03
1241039813144346626,17226612,RT @NovartisNews: Today we announced a commitment to donate up to 130 million doses of hydroxychloroquine to support the global #COVID19 pa…,0,2020-03-20 16:32:03
1240753146739261440,17226612,"@ab50Amanda We saw your tweet and would like to know more about your circumstances. Please provide your location, contact info and social media username to nps.safetydesk@novartis.com so we can follow up.",1,2020-03-19 21:32:56
1240708238862987264,17226612,@BorgRoch Please let us know your question and we'll try to help.,0,2020-03-19 18:34:30
1240705094439464960,17226612,@Danieljs61 Please contact us by phone at 1-888-669-6682 or visit our website: https://t.co/kUcNwHKR3w,0,2020-03-19 18:22:00
1240702995865665542,17226612,@HfxAmanda Thanks for reaching out. Please contact our office in the UK at +44 1276 698370 or click here: https://t.co/u1Bx3N404B,0,2020-03-19 18:13:40
1240562226173562885,17226612,"RT @VasNarasimhan: 11 years ago I helped lead efforts to find a vaccine during the H1N1 pandemic­, and it reshaped how I view humanity—as a…",0,2020-03-19 08:54:17
1240378069141139459,17226612,@mirshadfarooq Thanks for reaching out. We are sorry to hear about your experience. Please provide your contact info and social media username to qa.pk@novartis.com so we can follow up.,1,2020-03-18 20:42:31
1240368386229534721,17226612,@KarolMuller_ Thanks for reaching out. We understand your concern and would like to know more about your circumstances. Please provide your contact info and social media username to farmaco.novartis@novartis.com so that we can follow up with you directly.,1,2020-03-18 20:04:02
1240194582903750657,17226612,RT @VasNarasimhan: We are dealing with an extraordinary public health crisis that’s hitting our communities in unprecedented ways and requi…,0,2020-03-18 08:33:24
1239986515951878148,17226612,@ToobaTariq1 Please contact our local office in Switzerland by phone at +41 61 324 1111 or click here: https://t.co/mWB5EKdMgj,0,2020-03-17 18:46:37
1239985482215407618,17226612,@AprilMAGA2020 Thanks for reaching out. Please contact our US patient assistance program at 1-888-669-6682 so we can help.,0,2020-03-17 18:42:31
1239984866500005889,17226612,@TheAndreopolis We saw your tweet. We advise you to consult your physician.,0,2020-03-17 18:40:04
1239976456219815936,17226612,@meghancorless Thanks for reaching out. We understand your concern and would like to know more about your circumstances. Please provide your contact info and social media username to usdrugsafety.operations@novartis.com so that we can follow up with you directly.,0,2020-03-17 18:06:39
1239666413679398912,17226612,@Dianocky22 Thanks for reaching out. We understand your concern and would like to know more about your circumstances. Please provide your contact info and social media username to drug.safety@novartis.com so that we can follow up with you directly.,1,2020-03-16 21:34:39
1237762008797282304,17226612,@PolaniaYulitza We saw your tweet. We advise you to consult your physician. For more info please visit: https://t.co/Nb55RjuNkX,0,2020-03-11 15:27:14
1236017646866436096,17226612,@darthdaddy77 We saw your tweet and would like to know more about your circumstances. Please provide your contact info and social media username to usdrugsafety.operations@novartis.com so we can follow up.,0,2020-03-06 19:55:45
1235288220914548737,17226612,@Deepali46788869 Thanks for reaching out. We recommend you contact our local office in India by phone at +91 22 5024 3000 or click here: https://t.co/M9NQ9APGhY,2,2020-03-04 19:37:17
1235287720672538624,17226612,@samuraichopstix Thanks for reaching out. We recommend you contact our local office in the Philippines by phone at +63 2 7368 7777 ​​ or click here: https://t.co/SWFIFPcipp,0,2020-03-04 19:35:17
1235287238264709120,17226612,@eskor_buto Thanks for reaching out. You can find contact info for your local Novartis office here: https://t.co/Xz6ahjYrtx,0,2020-03-04 19:33:22
1235286130142121984,17226612,@BijoyTelivala Please contact us by phone at 1-888-669-6682 or visit our website: https://t.co/kUcNwHtgbY,0,2020-03-04 19:28:58
1235285573654458368,17226612,@wanguimch2 Thanks for reaching out. We recommend you contact our local office in Kenya by phone at +254 20 273 7771 or click here: https://t.co/wMHyS2mM3i,0,2020-03-04 19:26:45
1233158867368005633,17226612,@LawrenceEdeke Thanks for reaching out. We are sorry to hear about your experience. Please provide your contact info and social media username to complaints.ng@novartis.com so we can follow up.,0,2020-02-27 22:35:59
1233077895351894017,17226612,@AdamJon54578621 We saw your tweet. Please forward details of your complaint to our reporting tool: https://t.co/EDpRHFFsoS. Thank you.,0,2020-02-27 17:14:14
1232668577444106244,17226612,@Kris89961742 We saw your tweet. Please forward details of your complaint to our reporting tool: https://t.co/EDpRHFFsoS. Thank you.,0,2020-02-26 14:07:45
1232667880329826305,17226612,@Jim22q Thanks for reaching out. Please contact our US patient assistance program at 1-888-669-6682 so we can help.,1,2020-02-26 14:04:59
1232317580544815104,17226612,@pmathies Thanks for reaching out. We recommend you contact our local office in Canada by phone at 514 631-6775 or click here: https://t.co/WIFCY0bNxR,0,2020-02-25 14:53:01
1232028711278563328,17226612,"@Niliamsse We saw your tweet and would like to know more about your circumstances. Please provide your contact info, social media username and location to nps.safetydesk@novartis.com so we can follow up.",0,2020-02-24 19:45:09
1253290504676085761,723488741348782080,"Among other things, #COVID19 is revealing how we collectively need to view pandemics more as a defense topic than a health topic. One part of my discussion with @MilkenInstitute on responses and potential solutions to the ongoing crisis. Listen here: https://t.co/KhpPXuZJ4T https://t.co/HB4Jm79Dec",44,2020-04-23 11:51:55
1252235360567832577,723488741348782080,"In the short-term, repurposing existing medicines to help treat #COVIDー19 is our best hope. We’re working to help generate the rigorous clinical testing and data needed to assess the safety and efficacy of some of the most promising options as quickly as possible. #COVID19 https://t.co/tFqE9gS9j8",100,2020-04-20 13:59:10
1251174864762871808,723488741348782080,RT @NIH: #NIH &amp; @FNIH_Org are bringing together 16+ pharma companies &amp; gov’t agencies to develop a national strategy for a coordinated rese…,0,2020-04-17 15:45:08
1250007793396076544,723488741348782080,"My take on the most common questions I’m hearing. In the midst of the fast-moving response and public discourse, I know many important questions remain.  #COVID19 #coronavirus https://t.co/ZqmiuLGNId",87,2020-04-14 10:27:36
1245994687267307520,723488741348782080,RT @NovartisNews: Novartis plans to initiate clinical study of JAK inhibitor in severe COVID-19 patients. #COVID19 #NovartisNews https://t.…,0,2020-04-03 08:40:57
1244640844931567616,723488741348782080,Our first shipments of #hydroxychloroquine are underway to @HHSGov to support clinical studies evaluating its effectiveness in patients with #COVID19. https://t.co/JrGCZfGSj7,301,2020-03-30 15:01:16
1244612069309190144,723488741348782080,"Proud Novartis is stepping up to support @KhanAcademy to help ensure #COVID19 doesn’t get in the way of our rising generation’s future. My family and I are longtime fans of Khan Academy, so I know firsthand what a difference they will continue to make for learners everywhere. https://t.co/sNv0gL2mdI",128,2020-03-30 13:06:55
1243583467524407296,723488741348782080,"RT @CNBCJulianna: Will #hydroxychloroquine actually work to treat #COVID19?

Who better to ask than @VasNarasimhan, CEO of @Novartis?

The…",0,2020-03-27 16:59:37
1243516594573189121,723488741348782080,"RT @megtirrell: TODAY on @CNBC: how the drug industry is responding to #COVID19

@SquawkAlley 11amET: @Novartis CEO @VasNarasimhan 

@CNBCT…",0,2020-03-27 12:33:54
1243474023817916417,723488741348782080,"Our people are the beating heart of Novartis, and as all of us adapt to new ways of living and working during the #COVID19 pandemic, we are taking concrete actions to ensure our associates and their families are supported during this time of uncertainty. https://t.co/amTvVUBCTo",140,2020-03-27 09:44:44
1243123434223276033,723488741348782080,I know we in the life sciences industry feel a deep obligation to come together to improve the health of the world right now. Grateful to be working with @gatesfoundation to galvanize the collective innovation power and global footprint of our companies. #COVID19 #coronavirus https://t.co/TBZeCEB1V8,160,2020-03-26 10:31:37
1241038495449300992,723488741348782080,It’s been remarkable to watch the world mobilize and rally behind science as humanity tackles COVID-19. We’re supporting ongoing clinical trials for hydroxychloroquine and are prepared to donate 130 million doses globally. #COVID19 #Covid_19 https://t.co/xFzGKFxAiv,350,2020-03-20 16:26:49
1240677949193490435,723488741348782080,RT @NovartisNews: We’re entering several collaborative research efforts including the COVID-19 Therapeutics Accelerator coordinated by the…,0,2020-03-19 16:34:08
1240325108272676865,723488741348782080,"11 years ago I helped lead efforts to find a vaccine during the H1N1 pandemic­, and it reshaped how I view humanity—as a public health physician, a scientist, and a father. I wanted to share my perspective as we tackle COVID-19. #COVID19 https://t.co/8cGlX45ZNr",836,2020-03-18 17:12:04
1239884729312317440,723488741348782080,We are dealing with an extraordinary public health crisis that’s hitting our communities in unprecedented ways and requires an incredible level of collaboration to tackle. @Novartis is taking more steps to help respond to the enormous challenge. @gatesfoundation @IMI_JU #COVID19 https://t.co/eQXpj9wTgc,224,2020-03-17 12:02:10
1238563795171229696,723488741348782080,"RT @NovartisNews: As #coronavirus continues to spread globally, our primary concern is our associates and patients globally, and it’s impor…",0,2020-03-13 20:33:14
1233311196444610562,723488741348782080,Looking forward to coming together with our shareholders today to discuss @Novartis and the opportunities we have to reimagine medicine in the future. #reimaginingmedicine https://t.co/AuFik3pIDu,54,2020-02-28 08:41:17
